repo_id,repository,language,community,continuous_integration,documentation,history,management,license,unit_test,pull,releases,size
0,thinkaurelius/titan,Java,3.0,0.0,0.102900425451115,98.5333333333333,25.0,1.0,0.254932223862569,0.939698492462312,1.0,604742.0
1,Karumi/Dexter,Java,10.0,1.0,0.296849850540354,4.44776119402985,2.76119402985075,1.0,0.187758858720663,1.0,1.0,6116.0
2,Clans/FloatingActionButton,Java,1.0,0.0,0.0497915133676723,6.41666666666667,16.7916666666667,1.0,0.0,0.742857142857143,1.0,7748.0
3,mybatis/generator,Java,3.0,0.0,0.134480712166172,12.2914285714286,2.32571428571429,1.0,0.618569053208138,0.999302163293789,1.0,204176.0
4,youtube/api-samples,Java,2.0,0.0,0.273263323412141,8.98076923076923,6.44230769230769,1.0,0.0,0.460526315789474,0.0,25882.0
5,CoderLeixiaoshuai/java-eight-part,Java,1.0,0.0,0.00139723347771413,6.93333333333333,0.533333333333333,0.0,0.0,0.428571428571429,0.0,14294.0
6,ZHENFENG13/spring-boot-projects,Java,1.0,0.0,0.10586017854155,0.681818181818182,0.5,1.0,0.0205233453052848,1.0,0.0,363382.0
7,obsidiandynamics/kafdrop,Java,12.0,0.0,0.13128245321838,7.18811881188119,3.08910891089109,1.0,0.0162454873646209,0.924953095684803,1.0,17734.0
8,careercup/ctci,Java,15.0,0.0,0.0939543305502464,3.67741935483871,0.408602150537634,0.0,0.0,0.850877192982456,0.0,90070.0
9,apache/hbase,Java,50.0,0.0,0.20280353790883,98.3578431372549,1.09803921568627,1.0,0.386290573353108,0.0,0.0,2052124.0
10,hustcc/JS-Sorting-Algorithm,Java,8.0,1.0,0.0514653323802716,0.96969696969697,0.0,0.0,0.224824355971897,0.0,0.0,5308.0
11,JanusGraph/janusgraph,Java,11.0,0.0,0.205842394952343,49.5586206896552,0.0,1.0,0.342467726086809,0.0,1.0,295784.0
12,spring-projects/spring-data-examples,Java,7.0,1.0,0.100969758312703,5.73949579831933,3.99159663865546,1.0,0.0892380563102594,0.988235294117647,0.0,262916.0
13,CodingDocs/springboot-guide,Java,1.0,0.0,0.0548621588259498,9.13793103448276,0.96551724137931,1.0,0.180293501048218,0.9,0.0,27564.0
14,alibaba/UltraViewPager,Java,2.0,0.0,0.29703196347032,1.70588235294118,2.72549019607843,1.0,0.00533175355450237,0.846153846153846,1.0,6158.0
15,meefik/linuxdeploy,Java,2.0,0.0,0.103865194211729,2.52542372881356,21.7627118644068,1.0,0.0,0.987421383647799,0.0,18826.0
16,frogermcs/InstaMaterial,Java,1.0,0.0,0.0301624129930394,5.34782608695652,1.82608695652174,1.0,0.0,0.6,1.0,8360.0
17,yipianfengye/android-zxingLibrary,Java,2.0,0.0,0.197777777777778,6.90909090909091,23.8181818181818,1.0,0.0221198156682028,0.789473684210526,0.0,7220.0
18,rubensousa/GravitySnapHelper,Java,1.0,0.0,0.150039904229848,2.55,1.06666666666667,1.0,0.0,1.0,1.0,4260.0
19,coobird/thumbnailator,Java,1.0,0.0,0.462632709054038,4.62091503267974,1.35294117647059,1.0,0.732933996383363,0.833333333333333,1.0,36038.0
20,web3j/web3j,Java,36.0,0.0,0.132766105226602,24.4222222222222,1.4,1.0,0.39853561637089,0.996296296296296,1.0,149832.0
21,traex/RippleEffect,Java,2.0,0.0,0.228571428571429,6.875,3.125,1.0,0.0,0.866666666666667,1.0,2430.0
22,JSQLParser/JSqlParser,Java,2.0,1.0,0.198899703766399,14.156862745098,0.0,1.0,0.402346460335149,1.0,1.0,109794.0
23,Doikki/DKVideoPlayer,Java,1.0,0.0,0.137426580569844,8.3125,12.828125,1.0,0.0,1.0,1.0,47288.0
24,Ramotion/folding-cell-android,Java,4.0,1.0,0.101443298969072,2.11290322580645,1.16129032258065,1.0,0.0596846846846847,0.973684210526316,0.0,4358.0
25,youlookwhat/CloudReader,Java,1.0,0.0,0.131593397719565,10.6666666666667,1.42528735632184,1.0,0.00276800645868174,1.0,1.0,53770.0
26,sofastack/sofa-boot,Java,9.0,0.0,0.33178434839824,8.61971830985915,5.97183098591549,1.0,0.385415454778137,1.0,0.0,97494.0
27,bitcoinj/bitcoinj,Java,5.0,0.0,0.310409737620103,31.4203821656051,7.64331210191083,1.0,0.323056658181883,0.726694915254237,1.0,119426.0
28,spring-cloud/spring-cloud-netflix,Java,10.0,0.0,0.115025266295852,27.5775862068966,0.655172413793103,1.0,0.365855940130964,0.982512953367876,1.0,48686.0
29,andkulikov/Transitions-Everywhere,Java,2.0,0.0,0.30400053698483,4.28947368421053,1.19736842105263,1.0,0.0,0.96551724137931,1.0,20738.0
30,reactor/reactor-core,Java,10.0,0.0,0.131154017887345,45.25,0.83,1.0,0.532404710899632,0.0,1.0,642138.0
31,zhanglei-workspace/shopping-management-system,Java,2.0,0.0,0.0968077836712115,3.44444444444444,0.0,1.0,0.0,0.0,0.0,55512.0
32,brianfrankcooper/YCSB,Java,45.0,1.0,0.256011763375184,10.0697674418605,7.33333333333333,1.0,0.212456996559725,0.914786967418546,1.0,65776.0
33,saiwu-bigkoo/Android-ConvenientBanner,Java,2.0,0.0,0.139197680038666,1.67307692307692,6.84615384615385,1.0,0.0,0.814814814814815,0.0,3562.0
34,traccar/traccar,Java,3.0,0.0,0.14257269418008,50.7784431137725,2.40718562874252,1.0,0.141231501177978,0.9529262086514,1.0,195502.0
35,j-easy/easy-rules,Java,3.0,0.0,0.380642570281124,6.86458333333333,3.61458333333333,1.0,0.489606219367923,0.939130434782609,1.0,15422.0
36,reactive-streams/reactive-streams-jvm,Java,8.0,0.0,0.195517831881468,5.07894736842105,0.157894736842105,1.0,0.711958366331033,0.0,1.0,21610.0
37,google/cameraview,Java,5.0,0.0,0.21876297218763,2.10526315789474,5.39473684210526,1.0,0.177881173944166,0.680851063829787,0.0,7528.0
38,nisrulz/android-tips-tricks,Java,1.0,0.0,0.0245641838351822,3.48235294117647,0.141176470588235,1.0,0.0,1.0,0.0,2462.0
39,orientechnologies/orientdb,Java,7.0,0.0,0.0855338065629475,136.803571428571,1.64285714285714,1.0,0.31197968037632,0.981157469717362,0.0,1644854.0
40,apache/ignite,Java,40.0,0.0,0.322012180537849,238.900826446281,0.760330578512397,1.0,0.418339039592661,0.0,1.0,3157792.0
41,wdullaer/MaterialDateTimePicker,Java,2.0,1.0,0.221268632638575,7.390625,9.265625,1.0,0.225387972841901,0.8743961352657,1.0,24136.0
42,gabrielemariotti/cardslib,Java,1.0,1.0,0.343104550635199,28.3478260869565,22.304347826087,1.0,0.0,0.785714285714286,1.0,94522.0
43,pmd/pmd,Java,10.0,0.0,0.127913004603736,106.180076628352,2.07662835249042,1.0,0.201813845931493,0.0,0.0,733474.0
44,techGay/v9porn,Java,2.0,0.0,0.121947661697348,2.66,4.82,1.0,0.000941878262234606,1.0,1.0,60194.0
45,romandanylyk/PageIndicatorView,Java,1.0,0.0,0.0478907682901977,11.6538461538462,0.0,1.0,0.0,0.0,1.0,9344.0
46,firebase/FirebaseUI-Android,Java,7.0,0.0,0.0969680289894959,19.2441860465116,1.33720930232558,1.0,0.208698546543881,1.0,1.0,78748.0
47,square/sqlbrite,Java,4.0,1.0,0.210314127330758,4.67692307692308,1.93846153846154,1.0,0.417179630665921,1.0,1.0,9402.0
48,tuguangquan/mybatis,Java,4.0,1.0,0.239358324296335,12.6929824561404,0.114035087719298,1.0,0.351271137696998,0.521739130434783,1.0,155714.0
49,chentao0707/SimplifyReader,Java,2.0,0.0,0.325241993059822,2.42105263157895,4.47368421052632,1.0,0.0,0.958333333333333,0.0,81280.0
50,danielzeller/Depth-LIB-Android-,Java,5.0,1.0,0.057296673716593,1.4,0.366666666666667,1.0,0.00238347457627119,1.0,0.0,9806.0
51,runelite/runelite,Java,22.0,0.0,0.167216209892866,120.758928571429,0.0,1.0,0.0537944813806883,0.0,1.0,612226.0
52,mik3y/usb-serial-for-android,Java,2.0,0.0,0.123434704830054,1.88965517241379,0.0,1.0,0.400255346313438,0.0,1.0,17640.0
53,puniverse/quasar,Java,2.0,1.0,0.206218196974697,37.2238805970149,4.22388059701493,1.0,0.198044106584313,0.87378640776699,1.0,365654.0
54,alibaba/QLExpress,Java,4.0,0.0,0.101554344043614,4.5,2.88095238095238,1.0,0.328373702422145,0.915094339622642,1.0,30982.0
55,zhanghai/Douya,Java,1.0,1.0,0.152401041961606,26.36,2.22,1.0,0.0,1.0,1.0,119742.0
56,DiUS/java-faker,Java,23.0,1.0,0.0221877740197921,6.56692913385827,1.95275590551181,1.0,0.499822042946969,0.841708542713568,1.0,124894.0
57,Flipboard/bottomsheet,Java,7.0,1.0,0.179635979952519,5.21875,4.46875,1.0,0.0,0.964912280701754,1.0,6220.0
58,rstudio/rstudio,Java,8.0,0.0,0.17906656564916,263.18125,0.0,1.0,0.0100797941493295,0.0,0.0,2015408.0
59,TheoKanning/openai-java,Java,5.0,0.0,0.261357562800641,3.92105263157895,6.23684210526316,0.0,0.288548630580116,1.0,1.0,11056.0
60,fuzhengwei/small-spring,Java,2.0,0.0,0.242806625721199,9.5,0.538461538461538,1.0,0.0577287272252335,1.0,0.0,40684.0
61,yasserg/crawler4j,Java,8.0,1.0,0.215864072541597,4.90476190476191,2.73333333333333,1.0,0.0342684993409904,0.848375451263538,1.0,17814.0
62,dromara/hertzbeat,Java,17.0,0.0,0.19897810851102,46.9310344827586,18.4137931034483,1.0,0.133418148629588,0.0,0.0,258988.0
63,CaffeineMC/sodium-fabric,Java,4.0,0.0,0.116330851219156,21.62,2.06,1.0,0.0,0.954939341421144,0.0,48418.0
64,mock-server/mockserver,Java,2.0,0.0,0.0729020995429247,35.1932773109244,9.0672268907563,1.0,0.712604483158814,0.932859399684044,0.0,395118.0
65,strimzi/strimzi-kafka-operator,Java,12.0,0.0,0.110477464198426,62.5052631578947,1.02105263157895,1.0,0.480342605416068,0.0,0.0,755564.0
66,Meituan-Dianping/Robust,Java,3.0,0.0,0.135096700796359,7.22222222222222,10.6944444444444,1.0,0.00295955277869122,0.960893854748603,1.0,12164.0
67,killbill/killbill,Java,7.0,0.0,0.154016395881688,67.3758389261745,7.87248322147651,1.0,0.417700144955396,0.993472584856397,0.0,454882.0
68,apache/nifi,Java,52.0,0.0,0.201027771895797,85.5535714285714,0.348214285714286,1.0,0.308783206097613,0.947860962566845,0.0,2362000.0
69,awangdev/leet-code,Java,2.0,0.0,0.202274915360142,3.93406593406593,0.0989010989010989,0.0,0.0,1.0,0.0,250232.0
70,CalebFenton/simplify,Java,1.0,1.0,0.0560638504963987,10.3977272727273,1.65909090909091,1.0,0.378291036973672,1.0,1.0,48490.0
71,airbnb/DeepLinkDispatch,Java,10.0,0.0,0.0619678334910123,3.6530612244898,1.80612244897959,1.0,0.0502798595958638,0.994318181818182,1.0,39660.0
72,saysky/ForestBlog,Java,1.0,0.0,0.137347070186735,1.33766233766234,0.623376623376623,0.0,0.0324087591240876,0.4,0.0,53588.0
73,JZ-Darkal/AndroidHttpCapture,Java,3.0,1.0,0.106429209649907,1.0,1.02247191011236,1.0,0.0005466472303207,0.0,0.0,88006.0
74,rubenlagus/TelegramBots,Java,16.0,1.0,0.211372703541349,10.9591836734694,8.01020408163265,1.0,0.191242362525458,0.976772616136919,1.0,64046.0
75,tianshiyeben/wgcloud,Java,2.0,0.0,0.129511919095501,4.36206896551724,0.96551724137931,1.0,0.0,0.592592592592593,1.0,963014.0
76,micrometer-metrics/micrometer,Java,5.0,0.0,0.288541746825702,72.9156626506024,2.18072289156627,0.0,0.432797366286559,0.0,1.0,184908.0
77,bingoogolapple/BGARefreshLayout-Android,Java,1.0,0.0,0.132334888288731,2.55714285714286,2.25714285714286,1.0,0.0,0.979166666666667,1.0,14136.0
78,RedSpider1/concurrent,Java,7.0,0.0,0.000958772770853308,7.96153846153846,0.0,0.0,0.0,0.0,0.0,10420.0
79,648540858/wvp-GB28181-pro,Java,3.0,0.0,0.131451574821741,51.3404255319149,1.29787234042553,1.0,0.00186533212010919,0.995918367346939,0.0,147146.0
80,zq2599/blog_demos,Java,1.0,0.0,0.229176533624199,14.3950617283951,0.271604938271605,1.0,0.0556913126819918,0.812676056338028,0.0,322252.0
81,hussien89aa/AndroidTutorialForBeginners,Java,1.0,0.0,0.101579093175732,0.754716981132076,0.490566037735849,0.0,0.0478299379982285,0.153846153846154,0.0,19458.0
82,logisim-evolution/logisim-evolution,Java,11.0,0.0,0.0790321860061398,43.0438596491228,7.28070175438596,1.0,0.00561354267169546,0.986623863028357,1.0,577200.0
83,grantland/android-autofittextview,Java,1.0,0.0,0.20708446866485,0.983870967741935,1.33870967741935,1.0,0.0,0.655172413793103,1.0,2328.0
84,ChadCSong/ShineButton,Java,1.0,1.0,0.0603621730382294,1.66666666666667,0.693333333333333,0.0,0.0180541624874624,0.8,0.0,3736.0
85,killme2008/aviatorscript,Java,1.0,1.0,0.213427745236153,5.25974025974026,3.37012987012987,1.0,0.233252058035391,0.977011494252874,1.0,84868.0
86,ThirtyDegreesRay/OpenHub,Java,2.0,0.0,0.0726239669421488,12.2954545454545,8.11363636363636,1.0,0.000841632767569084,0.855072463768116,1.0,89770.0
87,brianway/java-learning,Java,1.0,0.0,0.297360791762471,1.22535211267606,0.112676056338028,1.0,0.0181047425593924,0.888888888888889,0.0,28114.0
88,codingapi/tx-lcn,Java,3.0,1.0,0.206531971902383,17.7704918032787,7.77049180327869,1.0,0.0279854516063851,0.982758620689655,1.0,21914.0
89,tonikelope/megabasterd,Java,2.0,0.0,0.0383984012561559,10.0116279069767,7.31395348837209,1.0,0.0,0.806451612903226,1.0,53892.0
90,hugeterry/CoordinatorTabLayout,Java,1.0,0.0,0.0954891622729936,6.33333333333333,3.08333333333333,1.0,0.0690265486725664,0.0,0.0,3088.0
91,baoyachi/StepView,Java,1.0,0.0,0.146763586015922,11.7777777777778,7.33333333333333,1.0,0.0174188440221694,0.571428571428571,1.0,4930.0
92,AlmasB/FXGL,Java,1.0,0.0,0.161529122619999,48.0277777777778,9.13888888888889,1.0,0.0310192837465565,0.985037406483791,1.0,226528.0
93,powermock/powermock,Java,5.0,1.0,0.341581271348829,9.79518072289157,5.8855421686747,1.0,0.514411177644711,0.934375,1.0,79030.0
94,novicezk/midjourney-proxy,Java,3.0,0.0,0.0564276622825626,19.6363636363636,7.72727272727273,1.0,0.0,0.946308724832215,0.0,8896.0
95,dromara/hmily,Java,4.0,0.0,0.361331029216734,7.48611111111111,2.59722222222222,1.0,0.0637328862810841,0.994011976047904,1.0,95352.0
96,ant-media/Ant-Media-Server,Java,7.0,1.0,0.280727925841813,60.1209677419355,0.0,1.0,0.290739457961728,0.975215517241379,1.0,193828.0
97,Manabu-GT/ExpandableTextView,Java,2.0,0.0,0.125102880658436,0.755102040816326,1.24489795918367,1.0,0.0,0.761904761904762,1.0,2126.0
98,rubensousa/ViewPagerCards,Java,1.0,0.0,0.064755838641189,6.66666666666667,9.66666666666667,1.0,0.0287539936102236,1.0,0.0,1762.0
99,oblac/jodd,Java,2.0,1.0,0.415581857281219,30.6571428571429,2.93714285714286,1.0,0.307970096300051,1.0,1.0,71202.0
100,CoderLeixiaoshuai/java-eight-part,Java,1.0,0.0,0.00139723347771413,6.93333333333333,0.533333333333333,0.0,0.0,0.5,0.0,14294.0
101,ZHENFENG13/spring-boot-projects,Java,1.0,0.0,0.10586017854155,0.681818181818182,0.5,1.0,0.0205233453052848,1.0,0.0,363382.0
102,obsidiandynamics/kafdrop,Java,12.0,0.0,0.13128245321838,7.18811881188119,3.08910891089109,1.0,0.0162454873646209,0.873817034700315,1.0,17734.0
103,opengoofy/hippo4j,Java,12.0,0.0,0.22604407363181,80.448275862069,20.0689655172414,1.0,0.144151410059951,1.0,1.0,199628.0
104,Javen205/IJPay,Java,2.0,1.0,0.309198419903329,9.38461538461539,0.743589743589744,1.0,0.00475930791730702,1.0,1.0,56310.0
105,google/google-authenticator,Java,8.0,0.0,0.198576877934272,1.72222222222222,5.30952380952381,1.0,0.0,0.987012987012987,0.0,21850.0
106,careercup/ctci,Java,15.0,0.0,0.0939543305502464,3.67741935483871,0.408602150537634,0.0,0.0,0.850877192982456,0.0,90070.0
107,apache/hbase,Java,50.0,0.0,0.20280353790883,98.3578431372549,1.09803921568627,1.0,0.386290573353108,0.0,0.0,2052124.0
108,hustcc/JS-Sorting-Algorithm,Java,8.0,1.0,0.0514653323802716,0.96969696969697,0.0,0.0,0.224824355971897,0.0,0.0,5308.0
109,lingochamp/okdownload,Java,2.0,1.0,0.202784865099615,14.25,0.0,1.0,0.44861352612794,1.0,1.0,58742.0
110,apache/groovy,Java,13.0,1.0,0.274652735283319,84.5101214574899,0.0607287449392713,1.0,0.0302048033004273,0.984110169491525,1.0,948290.0
111,JanusGraph/janusgraph,Java,11.0,0.0,0.205842394952343,49.5586206896552,3.3448275862069,1.0,0.342467726086809,0.0,1.0,295784.0
112,spring-projects/spring-data-examples,Java,7.0,1.0,0.100969758312703,5.73949579831933,3.99159663865546,1.0,0.0892380563102594,0.988235294117647,0.0,262916.0
113,CodingDocs/springboot-guide,Java,1.0,0.0,0.0548621588259498,9.13793103448276,0.96551724137931,1.0,0.180293501048218,0.9,0.0,27564.0
114,TeamAmaze/AmazeFileManager,Java,6.0,0.0,0.189736742809044,55.7844827586207,0.0,1.0,0.0946813633688266,0.0,0.0,223328.0
115,wequick/Small,Java,1.0,1.0,0.144817602779386,26.6129032258065,18.0645161290323,1.0,0.0221558768070396,0.96875,1.0,59076.0
116,apache/hudi,Java,85.0,0.0,0.224129134245031,60.3103448275862,5.8735632183908,1.0,0.355965547616717,0.0,0.0,897200.0
117,alibaba/UltraViewPager,Java,2.0,0.0,0.29703196347032,1.70588235294118,2.72549019607843,0.0,0.00533175355450237,0.846153846153846,1.0,6158.0
118,meefik/linuxdeploy,Java,2.0,0.0,0.103865194211729,2.52542372881356,21.7627118644068,1.0,0.0,0.987421383647799,0.0,18826.0
119,frogermcs/InstaMaterial,Java,1.0,0.0,0.0301624129930394,5.34782608695652,1.82608695652174,1.0,0.0,0.6,1.0,8360.0
120,yipianfengye/android-zxingLibrary,Java,2.0,0.0,0.197777777777778,6.90909090909091,23.8181818181818,1.0,0.0221198156682028,0.789473684210526,0.0,7220.0
121,rubensousa/GravitySnapHelper,Java,1.0,0.0,0.150039904229848,2.55,1.06666666666667,1.0,0.0,1.0,1.0,4260.0
122,coobird/thumbnailator,Java,1.0,0.0,0.462632709054038,4.62091503267974,1.35294117647059,0.0,0.732933996383363,0.833333333333333,1.0,36038.0
123,ZhongFuCheng3y/austin,Java,4.0,0.0,0.294201787994891,19.2413793103448,1.03448275862069,1.0,0.00876494023904383,1.0,0.0,27632.0
124,JodaOrg/joda-time,Java,2.0,0.0,0.316578012940169,9.38271604938272,1.80246913580247,1.0,0.626384704256621,0.977551020408163,1.0,194778.0
125,DingMouRen/LayoutManagerGroup,Java,2.0,0.0,0.211659557180581,1.84615384615385,0.892307692307692,1.0,0.0106571936056838,1.0,0.0,7762.0
126,web3j/web3j,Java,36.0,0.0,0.132766105226602,24.4222222222222,1.4,1.0,0.39853561637089,0.996296296296296,1.0,149832.0
127,traex/RippleEffect,Java,2.0,0.0,0.228571428571429,6.875,7.1875,0.0,0.0,0.914893617021277,1.0,2430.0
128,JSQLParser/JSqlParser,Java,2.0,1.0,0.198899703766399,14.156862745098,0.516339869281046,1.0,0.402346460335149,0.997481108312343,1.0,109794.0
129,deathmarine/Luyten,Java,6.0,0.0,0.0537893384714194,1.71739130434783,3.02173913043478,1.0,0.0,0.867647058823529,1.0,11786.0
130,Doikki/DKVideoPlayer,Java,1.0,0.0,0.137426580569844,8.3125,12.828125,1.0,0.0,1.0,1.0,47288.0
131,Ramotion/folding-cell-android,Java,4.0,1.0,0.101443298969072,2.11290322580645,1.16129032258065,0.0,0.0596846846846847,0.973684210526316,0.0,4358.0
132,youlookwhat/CloudReader,Java,1.0,0.0,0.131593397719565,10.6666666666667,1.42528735632184,1.0,0.00276800645868174,1.0,1.0,53770.0
133,sofastack/sofa-boot,Java,9.0,0.0,0.33178434839824,8.61971830985915,5.97183098591549,1.0,0.385415454778137,1.0,0.0,97494.0
134,bitcoinj/bitcoinj,Java,5.0,0.0,0.310409737620103,31.4203821656051,7.64331210191083,1.0,0.323056658181883,0.726694915254237,1.0,119426.0
135,spring-cloud/spring-cloud-netflix,Java,10.0,0.0,0.115025266295852,27.5775862068966,0.655172413793103,1.0,0.365855940130964,0.982512953367876,1.0,48686.0
136,andkulikov/Transitions-Everywhere,Java,2.0,0.0,0.30400053698483,4.28947368421053,1.19736842105263,1.0,0.0,0.96551724137931,1.0,20738.0
137,jankotek/mapdb,Java,1.0,1.0,0.203246677773043,17.2125984251969,7.28346456692913,1.0,0.275222390974181,0.968586387434555,0.0,41130.0
138,claritylab/lucida,Java,3.0,0.0,0.207975600457491,33.8769230769231,2.50769230769231,1.0,0.0,0.824427480916031,1.0,103874.0
139,reactor/reactor-core,Java,10.0,0.0,0.131154017887345,45.25,0.83,0.0,0.532404710899632,0.0,1.0,642138.0
140,zhanglei-workspace/shopping-management-system,Java,2.0,0.0,0.0968077836712115,3.44444444444444,1.44444444444444,1.0,0.0,0.25,0.0,55512.0
141,brianfrankcooper/YCSB,Java,45.0,1.0,0.256011763375184,10.0697674418605,1.91472868217054,1.0,0.212456996559725,0.0,1.0,65776.0
142,saiwu-bigkoo/Android-ConvenientBanner,Java,2.0,0.0,0.139197680038666,1.67307692307692,6.84615384615385,1.0,0.0,0.814814814814815,0.0,3562.0
143,traccar/traccar,Java,3.0,0.0,0.14257269418008,50.7784431137725,2.40718562874252,1.0,0.141231501177978,0.9529262086514,1.0,195502.0
144,j-easy/easy-rules,Java,3.0,0.0,0.380642570281124,6.86458333333333,3.61458333333333,1.0,0.489606219367923,0.939130434782609,1.0,15422.0
145,reactive-streams/reactive-streams-jvm,Java,8.0,0.0,0.195517831881468,5.07894736842105,2.34210526315789,1.0,0.711958366331033,0.980916030534351,1.0,21610.0
146,google/cameraview,Java,5.0,0.0,0.21876297218763,2.10526315789474,5.39473684210526,1.0,0.177881173944166,0.0,0.0,7528.0
147,nisrulz/android-tips-tricks,Java,1.0,0.0,0.0245641838351822,3.48235294117647,0.141176470588235,1.0,0.0,1.0,0.0,2462.0
148,pardom-zz/ActiveAndroid,Java,8.0,1.0,0.205976924531871,6.04255319148936,9.12765957446809,1.0,0.261932479627474,0.760975609756098,0.0,8396.0
149,orientechnologies/orientdb,Java,7.0,0.0,0.0855338065629475,136.803571428571,1.64285714285714,1.0,0.31197968037632,0.981157469717362,0.0,1644854.0
150,jagrosh/MusicBot,Java,2.0,0.0,0.209794262532599,3.01098901098901,9.76923076923077,1.0,0.00793650793650794,0.860169491525424,1.0,10908.0
151,NekoX-Dev/NekoX,Java,6.0,0.0,0.165883701916757,18.2654867256637,4.51327433628319,1.0,0.0,0.990566037735849,0.0,5952002.0
152,apache/ignite,Java,40.0,0.0,0.322012180537849,238.900826446281,0.760330578512397,1.0,0.418339039592661,0.0,1.0,3157792.0
153,wdullaer/MaterialDateTimePicker,Java,2.0,1.0,0.221268632638575,7.390625,9.265625,1.0,0.225387972841901,0.8743961352657,1.0,24136.0
154,gabrielemariotti/cardslib,Java,1.0,1.0,0.343104550635199,28.3478260869565,22.304347826087,1.0,0.0,0.785714285714286,1.0,94522.0
155,hansonwang99/Spring-Boot-In-Action,Java,4.0,0.0,0.155506556806313,2.61538461538462,0.538461538461538,1.0,0.101454293628809,0.0526315789473684,0.0,14554.0
156,pmd/pmd,Java,10.0,0.0,0.127913004603736,106.180076628352,2.07662835249042,1.0,0.201813845931493,0.0,0.0,733474.0
157,201206030/novel,Java,2.0,0.0,0.292362485160269,10.5789473684211,0.210526315789474,1.0,0.00742857142857143,1.0,1.0,17882.0
158,techGay/v9porn,Java,2.0,0.0,0.121947661697348,2.66,4.82,1.0,0.000941878262234606,1.0,1.0,60194.0
159,romandanylyk/PageIndicatorView,Java,1.0,0.0,0.0478907682901977,11.6538461538462,4.30769230769231,1.0,0.0,0.729166666666667,1.0,9344.0
160,firebase/FirebaseUI-Android,Java,7.0,0.0,0.0969680289894959,19.2441860465116,1.33720930232558,1.0,0.208698546543881,1.0,1.0,78748.0
161,jeequan/jeepay,Java,4.0,0.0,0.343685255524862,6.69620253164557,0.506329113924051,1.0,0.0,0.714285714285714,1.0,60822.0
162,CellularPrivacy/Android-IMSI-Catcher-Detector,Java,18.0,1.0,0.112244190079778,21.8512396694215,5.27272727272727,1.0,0.00133226751931788,0.990580847723705,1.0,51188.0
163,square/sqlbrite,Java,4.0,1.0,0.210314127330758,4.67692307692308,1.93846153846154,1.0,0.417179630665921,1.0,1.0,9402.0
164,tuguangquan/mybatis,Java,4.0,1.0,0.239358324296335,12.6929824561404,0.114035087719298,1.0,0.351271137696998,0.521739130434783,1.0,155714.0
165,go-lang-plugin-org/go-lang-idea-plugin,Java,4.0,0.0,0.167174884626938,74.75,0.0,1.0,0.144736363966714,1.0,1.0,182990.0
166,chentao0707/SimplifyReader,Java,2.0,0.0,0.325241993059822,2.42105263157895,4.47368421052632,1.0,0.0,0.958333333333333,0.0,81280.0
167,danielzeller/Depth-LIB-Android-,Java,5.0,1.0,0.057296673716593,1.4,0.533333333333333,1.0,0.00238347457627119,1.0,0.0,9806.0
168,runelite/runelite,Java,22.0,0.0,0.167216209892866,120.758928571429,0.0,1.0,0.0537944813806883,0.0,1.0,612226.0
169,mik3y/usb-serial-for-android,Java,2.0,0.0,0.123434704830054,1.88965517241379,0.0,1.0,0.400255346313438,0.0,1.0,17640.0
170,puniverse/quasar,Java,2.0,1.0,0.206218196974697,37.2238805970149,4.22388059701493,1.0,0.198044106584313,0.87378640776699,1.0,365654.0
171,alibaba/QLExpress,Java,4.0,0.0,0.101554344043614,4.5,2.88095238095238,1.0,0.328373702422145,0.915094339622642,1.0,30982.0
172,zhanghai/Douya,Java,1.0,1.0,0.152401041961606,26.36,2.22,1.0,0.0,1.0,1.0,119742.0
173,DiUS/java-faker,Java,23.0,1.0,0.0221877740197921,6.56692913385827,1.95275590551181,1.0,0.499822042946969,0.841708542713568,1.0,124894.0
174,Flipboard/bottomsheet,Java,7.0,1.0,0.179635979952519,5.21875,4.46875,1.0,0.0,0.964912280701754,1.0,6220.0
175,rstudio/rstudio,Java,8.0,0.0,0.17906656564916,263.18125,0.0,1.0,0.0100797941493295,0.0,0.0,2015408.0
176,Netflix/ribbon,Java,6.0,0.0,0.236843767768021,6.50359712230216,0.0,1.0,0.331862198988774,0.0,1.0,48320.0
177,TheoKanning/openai-java,Java,5.0,0.0,0.261357562800641,3.92105263157895,8.60526315789474,1.0,0.288548630580116,0.889312977099237,1.0,11056.0
178,fuzhengwei/small-spring,Java,2.0,0.0,0.242806625721199,9.5,0.538461538461538,1.0,0.0577287272252335,1.0,0.0,40684.0
179,castorflex/SmoothProgressBar,Java,1.0,1.0,0.0390199637023593,1.9438202247191,0.97752808988764,1.0,0.0,0.956521739130435,1.0,6354.0
180,yasserg/crawler4j,Java,8.0,1.0,0.215864072541597,4.90476190476191,2.73333333333333,1.0,0.0342684993409904,0.848375451263538,1.0,17814.0
181,youlookwhat/DesignPattern,Java,1.0,0.0,0.175175315568022,1.84057971014493,0.36231884057971,0.0,0.00759013282732448,1.0,0.0,11762.0
182,stleary/JSON-java,Java,12.0,0.0,0.283548801693506,7.74213836477987,2.91194968553459,1.0,0.619772663485827,0.995098039215686,1.0,37906.0
183,dromara/hertzbeat,Java,17.0,0.0,0.198981801086244,46.9655172413793,18.4137931034483,1.0,0.133418148629588,0.0,0.0,258982.0
184,CaffeineMC/sodium-fabric,Java,4.0,0.0,0.116330851219156,21.62,2.06,1.0,0.0,0.954939341421144,0.0,48418.0
185,oshi/oshi,Java,4.0,1.0,0.241755933627389,17.6060606060606,5.6,1.0,0.114083769633508,0.0,0.0,86640.0
186,mock-server/mockserver,Java,2.0,0.0,0.0729020995429247,35.1932773109244,9.0672268907563,1.0,0.712604483158814,0.932859399684044,0.0,395118.0
187,baomidou/dynamic-datasource,Java,5.0,0.0,0.334664005322688,7.046875,7.84375,1.0,0.113331149688831,0.995073891625616,0.0,16000.0
188,strimzi/strimzi-kafka-operator,Java,12.0,0.0,0.110477464198426,62.5052631578947,1.02105263157895,1.0,0.480342605416068,0.0,0.0,755564.0
189,Meituan-Dianping/Robust,Java,3.0,0.0,0.135096700796359,7.22222222222222,10.6944444444444,1.0,0.00295955277869122,0.960893854748603,1.0,12164.0
190,Tencent/GT,Java,2.0,0.0,0.241161084586651,1.80487804878049,2.17073170731707,1.0,0.0284620904089931,0.75,0.0,338858.0
191,chewiebug/GCViewer,Java,3.0,1.0,0.148887959283274,5.22147651006711,1.1744966442953,1.0,0.331459450037042,0.895061728395062,1.0,48830.0
192,killbill/killbill,Java,7.0,0.0,0.154016395881688,67.3758389261745,7.87248322147651,1.0,0.417700144955396,0.993472584856397,0.0,454882.0
193,liquibase/liquibase,Java,21.0,0.0,0.0660440293529019,73.4525139664805,3.01117318435754,1.0,0.131421149089874,0.0,1.0,677600.0
194,apache/nifi,Java,52.0,0.0,0.199869566599849,85.5535714285714,0.348214285714286,1.0,0.308783206097613,0.947860962566845,0.0,2365424.0
195,Ashok-Varma/BottomNavigation,Java,4.0,1.0,0.235578947368421,3.68085106382979,4.25531914893617,1.0,0.010752688172043,0.96875,1.0,7262.0
196,awangdev/leet-code,Java,2.0,0.0,0.202274915360142,3.93406593406593,0.0989010989010989,0.0,0.0,1.0,0.0,250232.0
197,CalebFenton/simplify,Java,1.0,1.0,0.0560638504963987,10.3977272727273,1.65909090909091,1.0,0.378291036973672,1.0,1.0,48490.0
198,airbnb/DeepLinkDispatch,Java,10.0,0.0,0.0619678334910123,3.6530612244898,1.80612244897959,1.0,0.0502798595958638,0.994318181818182,1.0,39660.0
199,saysky/ForestBlog,Java,1.0,0.0,0.137347070186735,1.33766233766234,0.623376623376623,0.0,0.0324087591240876,0.4,0.0,53588.0
200,auth0/java-jwt,Java,7.0,0.0,0.127445913017795,6.40229885057471,3.40229885057471,1.0,0.746366983142802,0.998520710059172,1.0,23634.0
201,daimajia/AndroidImageSlider,Java,1.0,1.0,0.178132039507884,11.4545454545455,35.2727272727273,1.0,0.0,0.707692307692308,1.0,9486.0
202,journeyapps/zxing-android-embedded,Java,4.0,0.0,0.281762077037668,7.41477272727273,3.39204545454545,1.0,0.0210566615620214,0.93854748603352,1.0,13500.0
203,gz-yami/mall4cloud,Java,6.0,0.0,0.128290588634053,5.7741935483871,0.548387096774194,1.0,0.0,0.733333333333333,1.0,185172.0
204,amlcurran/ShowcaseView,Java,4.0,1.0,0.275443915114768,9.18518518518519,6.01851851851852,1.0,0.0,0.942307692307692,1.0,6692.0
205,hanks-zyh/HTextView,Java,3.0,0.0,0.0667067307692308,2.3125,1.5625,1.0,0.0125470514429109,0.942857142857143,0.0,9318.0
206,hongyangAndroid/FlowLayout,Java,4.0,0.0,0.0473563218390805,1.33333333333333,0.533333333333333,1.0,0.0,0.695652173913043,0.0,4144.0
207,alipay/SoloPi,Java,2.0,0.0,0.223162777555393,5.8,5.68571428571429,1.0,0.0,0.925925925925926,1.0,131966.0
208,nhaarman/ListViewAnimations,Java,1.0,1.0,0.295209680092823,13.8409090909091,1.77272727272727,1.0,0.102694709168584,0.931623931623932,1.0,17008.0
209,knightliao/disconf,Java,1.0,1.0,0.168047725904439,13.3908045977012,4.25287356321839,1.0,0.0531840037527853,0.652777777777778,1.0,152006.0
210,yanzhenjie/SwipeRecyclerView,Java,2.0,0.0,0.258995766698024,3.48387096774194,10.1612903225806,1.0,0.0,0.789473684210526,1.0,25206.0
211,crazycodeboy/react-native-splash-screen,Java,17.0,0.0,0.12387706855792,2.67741935483871,8.0,1.0,0.0,0.778947368421053,1.0,3706.0
212,Col-E/Recaf,Java,2.0,0.0,0.277464381282997,29.6363636363636,6.80519480519481,1.0,0.102878821691587,0.981818181818182,0.0,79924.0
213,ffay/lanproxy,Java,2.0,0.0,0.10613664285863,1.34920634920635,2.66666666666667,1.0,0.00264650283553875,0.45,0.0,85852.0
214,Nepxion/Discovery,Java,1.0,0.0,0.151262649707548,66.304347826087,1.63768115942029,1.0,0.00895966567466599,1.0,0.0,73134.0
215,vavr-io/vavr,Java,3.0,1.0,0.338053885144342,39.5272727272727,0.727272727272727,1.0,0.548631155427272,0.0,1.0,145742.0
216,emilsjolander/StickyListHeaders,Java,7.0,0.0,0.0922560805143975,10.8947368421053,9.92105263157895,1.0,0.0,0.935185185185185,1.0,6494.0
217,pig-mesh/pig,Java,13.0,0.0,0.290408908019089,24.5806451612903,13.8064516129032,1.0,0.0,0.9921875,1.0,75834.0
218,AriaLyy/Aria,Java,1.0,0.0,0.362498920326247,13.7121212121212,0.378787878787879,1.0,0.0,0.883720930232558,1.0,103330.0
219,alibaba/freeline,Java,3.0,0.0,0.0993455497382199,9.13333333333333,21.8444444444444,1.0,0.00171265461465271,0.946236559139785,1.0,27524.0
220,LandGrey/SpringBootVulExploit,Java,1.0,0.0,0.0313059033989267,3.0,0.888888888888889,0.0,0.0,1.0,0.0,4332.0
221,jeecgboot/JimuReport,Java,1.0,0.0,0.00493994263589446,5.11764705882353,0.372549019607843,1.0,0.0,0.736842105263158,1.0,432272.0
222,apache/iceberg,Java,69.0,0.0,0.148465152413195,73.3066666666667,10.8133333333333,1.0,0.566617631718444,0.0,1.0,1017172.0
223,dm77/barcodescanner,Java,5.0,0.0,0.0410990533364119,2.67105263157895,6.07894736842105,1.0,0.0,1.0,1.0,8306.0
224,TommyLemon/Android-ZBLibrary,Java,2.0,0.0,0.274418439211781,5.08823529411765,0.362745098039216,1.0,0.000585289718410613,1.0,1.0,40798.0
225,scribejava/scribejava,Java,6.0,0.0,0.0894668681200086,7.83850931677019,3.88819875776398,1.0,0.144885283305869,0.956672443674177,1.0,33748.0
226,apache/dubbo-spring-boot-project,Java,7.0,0.0,0.276153277736725,4.8,9.7,1.0,0.380311190903651,0.994936708860759,1.0,13714.0
227,google/google-java-format,Java,7.0,0.0,0.307780270044421,7.33644859813084,5.26168224299065,1.0,0.255277230509429,0.977150537634409,1.0,31478.0
228,wuhaoyu1990/MagicCamera,Java,1.0,0.0,0.0554197229013855,9.0,28.25,1.0,0.00125830129325411,0.0,0.0,39406.0
229,Evernote/android-job,Java,1.0,0.0,0.206017046177331,6.0,6.725,1.0,0.393560241490944,0.990566037735849,1.0,24966.0
230,motianhuo/wechat,Java,2.0,0.0,0.100628467619188,1.86842105263158,1.42105263157895,1.0,0.0,0.5,0.0,73270.0
231,commonsguy/cw-omnibus,Java,1.0,0.0,0.134663848639766,13.1463414634146,0.24390243902439,1.0,0.0205603995968979,1.0,0.0,408610.0
232,XRecyclerView/XRecyclerView,Java,2.0,0.0,0.0728304201165287,2.65217391304348,8.3695652173913,1.0,0.0,0.868421052631579,0.0,12094.0
233,baidu/uid-generator,Java,2.0,0.0,0.378127233738385,0.25,3.5,1.0,0.144109055501461,0.461538461538462,0.0,3480.0
234,KeepSafe/TapTargetView,Java,6.0,0.0,0.145737530951539,2.78947368421053,5.19298245614035,1.0,0.0,0.978609625668449,1.0,4830.0
235,vespa-engine/vespa,Java,40.0,0.0,0.0993084714372792,882.516129032258,9.76344086021505,1.0,0.388264908134745,0.0,1.0,3392660.0
236,apache/hive,Java,80.0,0.0,0.145768577798386,92.1764705882353,0.401069518716578,1.0,0.196422722045156,0.0,1.0,4646204.0
237,evant/gradle-retrolambda,Java,1.0,0.0,0.0615879297551323,4.95588235294118,0.0,1.0,0.869090909090909,0.0,1.0,7588.0
238,dromara/lamp-cloud,Java,1.0,0.0,0.277501176940525,13.1486486486486,1.86486486486486,1.0,0.00243222400189832,1.0,1.0,101290.0
239,h6ah4i/android-advancedrecyclerview,Java,1.0,0.0,0.223675385647217,9.34722222222222,6.30555555555556,1.0,0.03125,1.0,1.0,60190.0
240,WeiYe-Jing/datax-web,Java,5.0,0.0,0.235861392611965,17.2631578947368,13.4736842105263,1.0,0.0363380109075311,0.935897435897436,1.0,46750.0
241,getActivity/XXPermissions,Java,2.0,0.0,0.172609932181142,1.46376811594203,3.89855072463768,1.0,0.0,1.0,1.0,15128.0
242,facebookarchive/shimmer-android,Java,14.0,0.0,0.0927254098360656,1.18390804597701,1.20689655172414,1.0,0.0,0.938775510204082,1.0,3542.0
243,ElderDrivers/EdXposed,Java,4.0,1.0,0.383297006013532,24.84,31.08,1.0,0.0,1.0,0.0,173724.0
244,socketio/socket.io-client-java,Java,2.0,0.0,0.0343891402714932,2.5703125,5.484375,1.0,0.547197640117994,0.909090909090909,1.0,12804.0
245,xxv/android-lifecycle,Java,1.0,0.0,0.00454827372338226,0.182926829268293,0.365853658536585,0.0,0.0,0.333333333333333,0.0,19260.0
246,redis/lettuce,Java,1.0,0.0,0.394757492078134,15.3461538461538,1.68589743589744,1.0,0.332969081442437,0.985330073349633,1.0,202082.0
247,Karumi/Dexter,Java,10.0,1.0,0.296849850540354,4.44776119402985,2.76119402985075,1.0,0.187758858720663,1.0,1.0,6116.0
248,Clans/FloatingActionButton,Java,1.0,0.0,0.0497915133676723,6.41666666666667,16.7916666666667,1.0,0.0,0.742857142857143,1.0,7748.0
249,Yalantis/Side-Menu.Android,Java,5.0,0.0,0.0658578856152513,1.0327868852459,1.22950819672131,1.0,0.0,0.875,1.0,2156.0
250,lucasr/twoway-view,Java,1.0,1.0,0.15373197625106,13.1851851851852,8.92592592592593,1.0,0.0,0.366666666666667,1.0,7982.0
251,mybatis/generator,Java,3.0,0.0,0.134480712166172,12.2914285714286,2.32571428571429,1.0,0.618569053208138,0.999302163293789,1.0,204176.0
252,WuKongOpenSource/WukongCRM-11.0-JAVA,Java,3.0,0.0,0.156063409577051,13.4545454545455,1.18181818181818,1.0,0.000813785974288762,1.0,0.0,257242.0
253,apache/flink-cdc,Java,29.0,0.0,0.175270416296661,20.2222222222222,0.0,1.0,0.316875570681497,0.923245614035088,0.0,308340.0
254,javaparser/javaparser,Java,12.0,1.0,0.255719146163114,61.4630872483221,2.8255033557047,1.0,0.261188362531752,0.0,1.0,392888.0
255,Jasonchenlijian/FastBle,Java,1.0,0.0,0.0697715601204179,2.55,9.5,1.0,0.0,0.875,1.0,10506.0
256,square/otto,Java,7.0,1.0,0.253679421996254,2.92857142857143,1.64285714285714,1.0,0.554147465437788,0.966216216216216,1.0,5578.0
257,ZHENFENG13/spring-boot-projects,Java,1.0,0.0,0.10586017854155,0.681818181818182,0.5,1.0,0.0205233453052848,1.0,0.0,363382.0
258,xuchengsheng/spring-reading,Java,2.0,0.0,0.0350971167730216,64.6666666666667,3.66666666666667,0.0,0.0,0.0,0.0,82862.0
259,obsidiandynamics/kafdrop,Java,12.0,0.0,0.13128245321838,7.18811881188119,3.08910891089109,1.0,0.0162454873646209,0.924953095684803,1.0,17734.0
260,opengoofy/hippo4j,Java,12.0,0.0,0.22604407363181,80.448275862069,23.1379310344828,1.0,0.144151410059951,0.984313725490196,1.0,199628.0
261,Javen205/IJPay,Java,2.0,1.0,0.309198419903329,9.38461538461539,0.743589743589744,1.0,0.00475930791730702,1.0,1.0,56310.0
262,google/google-authenticator,Java,8.0,0.0,0.198576877934272,1.72222222222222,5.30952380952381,1.0,0.0,0.987012987012987,0.0,21850.0
263,careercup/ctci,Java,15.0,0.0,0.0939543305502464,3.67741935483871,0.408602150537634,0.0,0.0,0.850877192982456,0.0,90070.0
264,razerdp/BasePopup,Java,1.0,0.0,0.113023700602207,17.8842105263158,5.23157894736842,1.0,0.0,1.0,1.0,68636.0
265,zfdang/Android-Touch-Helper,Java,2.0,0.0,0.082176568573015,4.5,2.41176470588235,1.0,0.0,0.636363636363636,1.0,6612.0
266,apache/pinot,Java,54.0,0.0,0.154707647843486,100.353982300885,0.0,1.0,0.366681852756476,0.0,1.0,1642518.0
267,apache/hbase,Java,50.0,0.0,0.20280353790883,98.3578431372549,1.10294117647059,1.0,0.386290573353108,0.0,0.0,2052124.0
268,huangyanbin/smartTable,Java,1.0,0.0,0.168855831618927,34.0,60.6,1.0,0.00177870006670125,0.2,1.0,31512.0
269,lingochamp/okdownload,Java,2.0,1.0,0.202784865099615,14.25,10.5227272727273,1.0,0.44861352612794,0.864864864864865,1.0,58742.0
270,apache/groovy,Java,13.0,1.0,0.274652735283319,84.5101214574899,0.0607287449392713,1.0,0.0302048033004273,0.984110169491525,1.0,948290.0
271,DerekYRC/mini-spring,Java,2.0,0.0,0.179291287386216,4.20512820512821,0.897435897435897,1.0,0.169293820933165,0.96551724137931,0.0,10098.0
272,CodingDocs/springboot-guide,Java,1.0,0.0,0.0548621588259498,9.13793103448276,0.517241379310345,1.0,0.180293501048218,1.0,0.0,27564.0
273,TeamAmaze/AmazeFileManager,Java,6.0,0.0,0.189736742809044,55.7844827586207,4.47413793103448,1.0,0.0946813633688266,0.0,0.0,223328.0
274,wequick/Small,Java,1.0,1.0,0.144817602779386,26.6129032258065,18.0645161290323,1.0,0.0221558768070396,0.96875,1.0,59076.0
275,apache/hudi,Java,85.0,0.0,0.224078399775922,60.3333333333333,5.88505747126437,1.0,0.356268280514805,0.0,0.0,897538.0
276,Trinea/android-common,Java,1.0,0.0,0.44893816364772,2.17142857142857,0.228571428571429,1.0,0.0,1.0,1.0,14116.0
277,orhanobut/dialogplus,Java,4.0,1.0,0.120730270906949,3.45283018867925,2.90566037735849,1.0,0.0,0.988235294117647,1.0,5972.0
278,alibaba/UltraViewPager,Java,2.0,0.0,0.29703196347032,1.70588235294118,2.72549019607843,1.0,0.00533175355450237,0.846153846153846,1.0,6158.0
279,jetlinks/jetlinks-community,Java,2.0,0.0,0.0993810594521409,24.3,5.8,1.0,0.00892257367329653,0.987987987987988,1.0,149002.0
280,spring-attic/spring-mvc-showcase,Java,5.0,0.0,0.153537455410226,0.609375,0.3359375,1.0,0.410934744268078,0.823529411764706,0.0,22780.0
281,frogermcs/InstaMaterial,Java,1.0,0.0,0.0301624129930394,5.34782608695652,1.82608695652174,1.0,0.0,0.6,1.0,8360.0
282,yipianfengye/android-zxingLibrary,Java,2.0,0.0,0.197777777777778,6.90909090909091,23.8181818181818,1.0,0.0221198156682028,0.789473684210526,0.0,7220.0
283,android/views-widgets-samples,Java,7.0,0.0,0.276233692569484,5.55555555555556,4.11111111111111,1.0,0.00257216347527865,0.867768595041322,0.0,48488.0
284,rubensousa/GravitySnapHelper,Java,1.0,0.0,0.150039904229848,2.55,1.06666666666667,1.0,0.0,1.0,1.0,4260.0
285,ZhongFuCheng3y/austin,Java,4.0,0.0,0.294201787994891,19.2413793103448,1.03448275862069,1.0,0.00876494023904383,1.0,0.0,27632.0
286,JodaOrg/joda-time,Java,2.0,0.0,0.316578012940169,9.38271604938272,1.80246913580247,1.0,0.626384704256621,0.977551020408163,1.0,194778.0
287,DingMouRen/LayoutManagerGroup,Java,2.0,0.0,0.211659557180581,1.84615384615385,0.892307692307692,1.0,0.0106571936056838,1.0,0.0,7762.0
288,amitshekhariitbhu/RxJava2-Android-Samples,Java,2.0,0.0,0.0903288201160542,2.60526315789474,0.276315789473684,1.0,0.0024174053182917,0.918032786885246,0.0,9406.0
289,Devlight/NavigationTabBar,Java,1.0,0.0,0.0783190066857689,2.0952380952381,3.47619047619048,1.0,0.0,0.954545454545455,1.0,7720.0
290,web3j/web3j,Java,36.0,0.0,0.132766105226602,24.4222222222222,1.4,1.0,0.39853561637089,0.996296296296296,1.0,149832.0
291,OpenTSDB/opentsdb,Java,16.0,0.0,0.195899819049186,10.6037735849057,6.9559748427673,1.0,0.570961574045519,0.97875816993464,1.0,234630.0
292,traex/RippleEffect,Java,2.0,0.0,0.228571428571429,6.875,7.1875,1.0,0.0,0.914893617021277,1.0,2430.0
293,gunnarmorling/1brc,Java,73.0,0.0,0.110226582848638,330.0,32.5,1.0,0.0,0.994082840236686,0.0,181738.0
294,deathmarine/Luyten,Java,6.0,0.0,0.0537893384714194,1.71739130434783,3.02173913043478,1.0,0.0,0.867647058823529,1.0,11786.0
295,Doikki/DKVideoPlayer,Java,1.0,0.0,0.137426580569844,8.3125,12.828125,1.0,0.0,1.0,1.0,47288.0
296,Ramotion/folding-cell-android,Java,4.0,1.0,0.101443298969072,2.11290322580645,1.16129032258065,1.0,0.0596846846846847,0.973684210526316,0.0,4358.0
297,youlookwhat/CloudReader,Java,1.0,0.0,0.131593397719565,10.6666666666667,1.42528735632184,1.0,0.00276800645868174,1.0,1.0,53770.0
298,natario1/CameraView,Java,3.0,0.0,0.186384591452895,8.06578947368421,13.5263157894737,1.0,0.274844391751704,0.973684210526316,1.0,57534.0
299,spring-cloud/spring-cloud-netflix,Java,10.0,0.0,0.115025266295852,27.5775862068966,0.655172413793103,1.0,0.365855940130964,0.982512953367876,1.0,48686.0
300,nytimes/Store,Java,15.0,1.0,0.199103345212093,7.25,4.47222222222222,1.0,0.259265719019796,0.971496437054632,1.0,27868.0
301,dropbox/hackpad,Java,4.0,0.0,0.157912092985422,1.8695652173913,2.34782608695652,1.0,0.043046741094177,0.970588235294118,0.0,766076.0
302,undertow-io/undertow,Java,5.0,0.0,0.233356117566644,40.8848920863309,0.62589928057554,1.0,0.259172485805652,0.0,0.0,314048.0
303,bitcoin-wallet/bitcoin-wallet,Java,2.0,0.0,0.0834392103205629,28.1923076923077,3.71153846153846,1.0,0.0141383263278563,0.962365591397849,0.0,75026.0
304,uber/NullAway,Java,5.0,0.0,0.191848134226497,9.73417721518987,4.18987341772152,1.0,0.422055877114871,0.998305084745763,1.0,76970.0
305,baoyongzhang/SwipeMenuListView,Java,1.0,0.0,0.139351851851852,4.0,9.75,1.0,0.0,0.71875,0.0,3718.0
306,ZHENFENG13/My-Blog,Java,2.0,0.0,0.0831334635730411,1.76923076923077,2.38461538461538,1.0,0.00296540362438221,0.833333333333333,0.0,494666.0
307,vert-x3/vertx-examples,Java,8.0,0.0,0.119324499629355,13.5714285714286,2.0952380952381,1.0,0.0318012422360248,0.971014492753623,1.0,152068.0
308,codeestX/GeekNews,Java,1.0,0.0,0.105961035184647,4.39130434782609,5.95652173913043,0.0,0.00197254869729596,0.777777777777778,0.0,30746.0
309,201206030/novel-plus,Java,2.0,0.0,0.131183884762548,9.69565217391304,0.695652173913043,1.0,0.0,0.972972972972973,1.0,617624.0
310,spockframework/spock,Java,5.0,0.0,0.222529118474365,15.5539215686275,4.69607843137255,1.0,0.0727196740152544,0.982683982683983,1.0,153126.0
311,dingjikerbo/Android-BluetoothKit,Java,2.0,0.0,0.0709918788210603,5.57692307692308,3.32692307692308,1.0,0.0,0.777777777777778,0.0,20362.0
312,huburt-Hu/NewbieGuide,Java,1.0,0.0,0.118363794604003,3.63636363636364,9.04545454545454,1.0,0.0,0.352941176470588,1.0,6078.0
313,zhpanvip/BannerViewPager,Java,2.0,0.0,0.0707860355536517,6.27272727272727,3.49350649350649,1.0,0.0,0.990740740740741,1.0,34708.0
314,JCTools/JCTools,Java,4.0,1.0,0.210422349731916,8.47154471544715,1.91869918699187,1.0,0.20905001977066,0.970695970695971,1.0,83940.0
315,KingJA/LoadSir,Java,1.0,0.0,0.0190158537641861,6.93333333333333,5.1,1.0,0.0,0.891891891891892,1.0,45294.0
316,xcc3641/SeeWeather,Java,1.0,1.0,0.0903496923307819,2.80434782608696,0.173913043478261,1.0,0.0,1.0,0.0,12122.0
317,crossoverJie/SSM,Java,3.0,1.0,0.208521714272818,18.4166666666667,1.375,1.0,0.0396069692058347,1.0,1.0,210424.0
318,openhab/openhab1-addons,Java,45.0,1.0,0.363891391596363,76.9126984126984,1.88095238095238,1.0,0.0360231230930562,0.0,1.0,994080.0
319,jtablesaw/tablesaw,Java,4.0,1.0,0.00949484254560624,25.4343434343434,7.27272727272727,1.0,0.300626637399986,0.987385321100917,1.0,2364942.0
320,fyhertz/libstreaming,Java,1.0,0.0,0.17481744392401,1.76388888888889,3.90277777777778,1.0,0.0,0.722222222222222,1.0,56728.0
321,zhkl0228/unidbg,Java,3.0,0.0,0.0414666707430167,26.0819672131148,9.13114754098361,1.0,0.017438754483706,0.950617283950617,1.0,188116.0
322,yigit/android-priority-jobqueue,Java,3.0,0.0,0.101096641535298,4.69135802469136,4.85185185185185,1.0,0.493336025848142,0.973154362416107,1.0,31476.0
323,spring-cloud/spring-cloud-kubernetes,Java,10.0,0.0,0.276124814264487,23.0229885057471,8.09195402298851,1.0,0.63495194446056,0.995058678196418,1.0,121792.0
324,lenve/JavaEETest,Java,1.0,0.0,0.0614409730281788,1.97058823529412,0.470588235294118,1.0,0.230847595762021,0.298850574712644,0.0,323480.0
325,alamkanak/Android-Week-View,Java,3.0,0.0,0.19758064516129,3.1,7.0,1.0,0.0,0.854014598540146,0.0,5174.0
326,PlexPt/chatgpt-java,Java,1.0,0.0,0.197882197220384,11.8666666666667,8.13333333333333,1.0,0.137689614935823,0.891566265060241,1.0,4848.0
327,anggrayudi/android-hidden-api,Java,1.0,0.0,0.272321428571429,1.45161290322581,1.43548387096774,1.0,0.0,0.8,0.0,2608.0
328,alibaba/fastjson2,Java,2.0,0.0,0.0162188989354418,171.826086956522,12.7391304347826,1.0,0.469955119061228,0.99588960657663,1.0,2485702.0
329,avast/android-butterknife-zelezny,Java,5.0,0.0,0.146900752418488,2.15384615384615,3.61538461538462,1.0,0.0288574793875147,0.833333333333333,1.0,4762.0
330,JabRef/jabref,Java,25.0,0.0,0.0928455192402665,82.2367346938776,1.73469387755102,1.0,0.284844285199207,0.0,1.0,448196.0
331,helidon-io/helidon,Java,12.0,0.0,0.308742058355002,53.0,7.56716417910448,1.0,0.277614156071163,0.0,1.0,1111746.0
332,Dimezis/BlurView,Java,2.0,0.0,0.12921038100497,3.54022988505747,2.14942528735632,1.0,0.0559610705596107,0.933333333333333,1.0,3154.0
333,dariuszseweryn/RxAndroidBle,Java,4.0,1.0,0.106402566606221,10.2680412371134,6.08247422680412,1.0,0.0,0.989690721649485,0.0,64062.0
334,RoaringBitmap/RoaringBitmap,Java,4.0,1.0,0.121373632325859,18.2945736434109,2.44186046511628,1.0,0.485857261703683,0.990502035278155,0.0,162212.0
335,kubernetes-client/java,Java,6.0,0.0,0.285738441398735,42.9397590361446,0.602409638554217,1.0,0.0116797629576049,0.0,1.0,2880874.0
336,lukas-krecan/ShedLock,Java,2.0,0.0,0.19103864424188,39.735632183908,4.1264367816092,1.0,0.364000313996389,0.0,1.0,37806.0
337,spring-io/initializr,Java,5.0,0.0,0.271215876975544,17.8217054263566,7.86046511627907,1.0,0.492443040830138,0.995495495495496,1.0,92318.0
338,ivacf/archi,Java,1.0,0.0,0.0257644394110985,2.41176470588235,1.29411764705882,1.0,0.168114682884448,0.857142857142857,0.0,6882.0
339,luojilab/DDComponentForAndroid,Java,3.0,0.0,0.156990367091903,3.76470588235294,3.38235294117647,1.0,0.031404958677686,0.8,0.0,6476.0
340,spotbugs/spotbugs,Java,5.0,0.0,0.206112746568415,68.8333333333333,4.67460317460317,1.0,0.0549817389337015,0.0,1.0,598148.0
341,kevinsawicki/http-request,Java,1.0,1.0,0.307730487653555,10.8780487804878,3.1219512195122,1.0,0.661721789883268,0.754098360655738,0.0,11158.0
342,woxingxiao/BubbleSeekBar,Java,3.0,0.0,0.0586617781851512,4.07142857142857,7.10714285714286,1.0,0.0123329907502569,0.722222222222222,1.0,6162.0
343,Mojang/brigadier,Java,1.0,0.0,0.07134274556924,1.69444444444444,0.583333333333333,1.0,0.486586657253795,0.684210526315789,1.0,12366.0
344,WritingMinds/ffmpeg-android-java,Java,1.0,1.0,0.0676253400699573,8.31578947368421,18.8421052631579,1.0,0.0200445434298441,0.758620689655172,1.0,4798.0
345,shekhargulati/99-problems,Java,1.0,0.0,0.11802462667016,3.83050847457627,0.101694915254237,1.0,0.451919690031701,0.857142857142857,0.0,13466.0
346,googlesamples/mlkit,Java,5.0,0.0,0.174987453925623,10.8409090909091,15.3409090909091,1.0,0.0,0.990654205607477,0.0,95350.0
347,grpc-ecosystem/grpc-spring,Java,4.0,0.0,0.28627080628025,16.6896551724138,6.50574712643678,1.0,0.32148355493352,0.980412371134021,1.0,48368.0
348,trojan-gfw/igniter,Java,3.0,0.0,0.0473887814313346,10.5581395348837,7.27906976744186,1.0,0.0,0.994285714285714,1.0,19700.0
349,lihangleo2/ShadowLayout,Java,1.0,0.0,0.0974379665120032,5.48148148148148,3.44444444444444,1.0,0.0173046670162559,1.0,0.0,8948.0
350,cinit/QAuxiliary,Java,9.0,0.0,0.194475425370443,76.9615384615385,21.3076923076923,1.0,0.0,0.99812030075188,1.0,192116.0
351,actorapp/actor-platform,Java,3.0,1.0,0.106332513428041,332.32,10.2,1.0,0.00262760129339209,0.975903614457831,0.0,712110.0
352,Red5/red5-server,Java,1.0,0.0,0.364173175510642,5.10483870967742,2.04838709677419,1.0,0.0791383973051193,0.966887417218543,1.0,142134.0
353,fabric8io/kubernetes-client,Java,13.0,0.0,0.0783102858887774,58.9809523809524,1.0,1.0,0.104027059799604,0.0,0.0,2324142.0
354,apache/logging-log4j2,Java,10.0,0.0,0.289658440169494,82.2168674698795,1.83132530120482,1.0,0.362212161043766,0.987077534791252,1.0,524708.0
355,eleme/UETool,Java,3.0,0.0,0.0225563909774436,4.98148148148148,0.777777777777778,1.0,0.0,1.0,1.0,10140.0
356,UnevenSoftware/LeafPic,Java,3.0,0.0,0.11316467715681,22.3934426229508,5.95081967213115,1.0,0.0,0.993362831858407,1.0,52302.0
357,yacy/yacy_search_server,Java,9.0,0.0,0.214010327593936,63.8325991189427,2.0352422907489,1.0,0.0421577659878642,1.0,1.0,473378.0
358,cSploit/android,Java,4.0,0.0,0.0942447550354652,14.05,9.79,1.0,0.00130253995290817,0.930735930735931,1.0,60528.0
359,mbechler/marshalsec,Java,4.0,0.0,0.340921919096896,0.328358208955224,0.477611940298507,1.0,0.0305127398553004,1.0,0.0,7006.0
360,ragunathjawahar/android-saripaar,Java,2.0,1.0,0.368925048599611,3.01020408163265,2.23469387755102,1.0,0.132,0.921052631578947,1.0,17530.0
361,apache/linkis,Java,31.0,0.0,0.22452955335205,74.125,3.71428571428571,1.0,0.11024508286671,0.0,1.0,743580.0
362,android-notes/Cockroach,Java,3.0,0.0,0.0613662678502509,1.47916666666667,1.375,1.0,0.0,1.0,0.0,4864.0
363,pengjianbo/GalleryFinal,Java,2.0,0.0,0.208151142644996,23.0,30.0,1.0,0.00116084096478782,0.875,0.0,19196.0
364,AxonFramework/AxonFramework,Java,10.0,0.0,0.331830601092896,62.8352941176471,0.517647058823529,1.0,0.508170070596066,0.0,0.0,332588.0
365,amitshekhariitbhu/PRDownloader,Java,1.0,0.0,0.198122866894198,2.25806451612903,2.83870967741935,1.0,0.0145102781136638,0.983606557377049,1.0,9398.0
366,LinShunKang/MyPerf4J,Java,2.0,1.0,0.0975953788285868,5.70833333333333,1.26388888888889,1.0,0.160202227664112,0.952380952380952,1.0,26870.0
367,facebookarchive/network-connection-class,Java,5.0,0.0,0.176261549395878,3.8,6.6,1.0,0.2326656394453,0.647058823529412,0.0,2318.0
368,java8/Java8InAction,Java,2.0,0.0,0.0833129135015927,1.56410256410256,0.615384615384615,1.0,0.0126512651265127,0.619047619047619,0.0,7482.0
369,wix/react-native-notifications,Java,15.0,1.0,0.0602338022587676,6.14606741573034,7.68539325842697,1.0,0.273711340206186,0.984405458089669,1.0,18972.0
370,nicolasgramlich/AndEngine,Java,2.0,0.0,0.316219274223964,40.0,3.66666666666667,1.0,0.0,0.787709497206704,0.0,83398.0
371,tchiotludo/akhq,Java,42.0,0.0,0.0264355423626766,12.3484848484848,14.0909090909091,1.0,0.258339395199002,0.990575916230366,1.0,139062.0
372,zzz40500/GsonFormat,Java,2.0,0.0,0.216087577344122,2.72222222222222,3.86111111111111,1.0,0.0,0.916666666666667,1.0,13176.0
373,yangfuhai/afinal,Java,2.0,0.0,0.385788977457787,4.35714285714286,2.89285714285714,1.0,0.0,0.720930232558139,0.0,14332.0
374,chrisbanes/ActionBar-PullToRefresh,Java,2.0,0.0,0.332361516034985,40.0,6.5,1.0,0.0,0.961038961038961,1.0,9618.0
375,OpenHFT/Chronicle-Queue,Java,10.0,0.0,0.135848549946294,59.3100775193798,5.89147286821705,1.0,0.618139850644942,0.988942639944713,0.0,128724.0
376,WinterChenS/my-site,Java,1.0,0.0,0.0863650578546857,2.22857142857143,0.8,1.0,0.00254777070063694,1.0,0.0,175290.0
377,hongyangAndroid/Highlight,Java,2.0,0.0,0.210332103321033,3.36842105263158,3.78947368421053,1.0,0.0,0.888888888888889,0.0,3852.0
378,mxdldev/android-mvp-mvvm-flytour,Java,1.0,0.0,0.124662610366439,7.11111111111111,0.333333333333333,1.0,0.0122402142037486,0.5,1.0,38268.0
379,yangchong211/YCAppTool,Java,1.0,0.0,0.177909929021993,15.7,0.442857142857143,1.0,0.0140317468831999,0.833333333333333,1.0,728528.0
380,mmin18/RealtimeBlurView,Java,1.0,0.0,0.10589907604833,1.28125,1.71875,1.0,0.0,0.666666666666667,0.0,2516.0
381,dunwu/javacore,Java,1.0,0.0,0.102223980675524,5.75641025641026,0.217948717948718,1.0,0.0383934442814508,1.0,0.0,86226.0
382,requery/requery,Java,1.0,1.0,0.247784078975005,17.3265306122449,17.530612244898,1.0,0.126106269709403,0.983606557377049,1.0,71626.0
383,airbnb/native-navigation,Java,5.0,1.0,0.0855163455293354,9.33333333333333,4.8,1.0,0.0,0.924528301886792,1.0,25344.0
384,zhou-you/RxEasyHttp,Java,1.0,0.0,0.255280946345585,3.98245614035088,4.31578947368421,1.0,0.00415476499610491,0.6,0.0,28204.0
385,hitherejoe/animate,Java,1.0,0.0,0.0529014215800513,0.0,0.0,1.0,0.0044269552385637,0.0,0.0,8128.0
386,yipianfengye/android-adDialog,Java,1.0,0.0,0.141699189432603,20.0,28.0,0.0,0.0307495195387572,0.0,0.0,5718.0
387,florent37/ShapeOfView,Java,2.0,0.0,0.0212721584984359,3.55263157894737,1.86842105263158,1.0,0.0,1.0,1.0,9386.0
388,rbmonster/learning-note,Java,2.0,0.0,0.0752244251356152,11.2558139534884,0.186046511627907,0.0,0.0325103720329185,1.0,0.0,154112.0
389,Tencent/spring-cloud-tencent,Java,7.0,0.0,0.280667552165903,15.21875,9.28125,1.0,0.40295844792983,0.999460625674218,1.0,67154.0
390,zaaach/CityPicker,Java,1.0,0.0,0.0525150268902246,0.956521739130435,2.17391304347826,0.0,0.0337790288529205,0.625,0.0,5990.0
391,bastillion-io/Bastillion,Java,2.0,0.0,0.137933320076887,5.86363636363636,2.68939393939394,1.0,0.0,0.959119496855346,1.0,26012.0
392,guolindev/booksource,Java,2.0,0.0,0.0490587564175699,1.73333333333333,2.73333333333333,1.0,0.0612121212121212,0.333333333333333,0.0,16670.0
393,IrisShaders/Iris,Java,4.0,0.0,0.101420324383762,128.487804878049,5.92682926829268,1.0,0.0106225959388138,0.992094861660079,0.0,98062.0
394,oblador/react-native-keychain,Java,28.0,0.0,0.120285650524437,3.06603773584906,3.84905660377358,1.0,0.199821587867975,0.953168044077135,1.0,15768.0
395,springdoc/springdoc-openapi,Java,3.0,0.0,0.289726005579093,42.8571428571429,0.0714285714285714,1.0,0.102573958810745,1.0,1.0,312164.0
396,JackyAndroid/AndroidChromium,Java,1.0,0.0,0.264406795216549,1.53061224489796,1.55102040816327,1.0,6.21019437908407e-05,1.0,0.0,320598.0
397,apache/curator,Java,4.0,0.0,0.301909162022098,18.7417218543046,3.3046357615894,1.0,0.448034414048679,0.992601726263872,0.0,114230.0
398,react-native-google-signin/google-signin,Java,10.0,0.0,0.0822122571001495,5.20388349514563,8.67961165048544,1.0,0.0,0.996969696969697,1.0,4912.0
399,torakiki/pdfsam,Java,1.0,0.0,0.167637452934201,10.2040816326531,3.71428571428571,1.0,0.459344044243761,0.980392156862745,0.0,160050.0
400,jindrapetrik/jpexs-decompiler,Java,2.0,0.0,0.239331211074713,44.1006289308176,1.18867924528302,1.0,0.0407325248043833,0.997118155619596,1.0,822464.0
401,grantland/android-autofittextview,Java,1.0,0.0,0.20708446866485,0.983870967741935,1.33870967741935,1.0,0.0,0.655172413793103,1.0,2328.0
402,ongakuer/CircleIndicator,Java,2.0,0.0,0.0532687651331719,1.51282051282051,1.82051282051282,1.0,0.0,0.78125,1.0,6256.0
403,osmandapp/OsmAnd,Java,82.0,0.0,0.0451545818789616,540.065868263473,0.0,1.0,0.00541248247876228,0.0,0.0,2315926.0
404,ikarus23/MifareClassicTool,Java,0.0,0.0,0.0,0.0,0.0,0.0,0.0,0.0,0.0,0.0
405,981011512/--,Java,0.0,0.0,0.0,0.0,0.0,0.0,0.0,0.0,0.0,0.0
406,ChadCSong/ShineButton,Java,0.0,0.0,0.0,0.0,0.0,0.0,0.0,0.0,0.0,0.0
407,killme2008/aviatorscript,Java,0.0,0.0,0.0,0.0,0.0,0.0,0.0,0.0,0.0,0.0
408,bjmashibing/InternetArchitect,Java,0.0,0.0,0.0,0.0,0.0,0.0,0.0,0.0,0.0,0.0
409,brianway/java-learning,Java,0.0,0.0,0.0,0.0,0.0,0.0,0.0,0.0,0.0,0.0
410,tonikelope/megabasterd,Java,0.0,0.0,0.0,0.0,0.0,0.0,0.0,0.0,0.0,0.0
411,Freeyourgadget/Gadgetbridge,Java,0.0,0.0,0.0,0.0,0.0,0.0,0.0,0.0,0.0,0.0
412,dunwu/db-tutorial,Java,0.0,0.0,0.0,0.0,0.0,0.0,0.0,0.0,0.0,0.0
413,hugeterry/CoordinatorTabLayout,Java,0.0,0.0,0.0,0.0,0.0,0.0,0.0,0.0,0.0,0.0
414,Jacksgong/JKeyboardPanelSwitch,Java,0.0,0.0,0.0,0.0,0.0,0.0,0.0,0.0,0.0,0.0
415,oracle/opengrok,Java,0.0,0.0,0.0,0.0,0.0,0.0,0.0,0.0,0.0,0.0
416,yhaolpz/FloatWindow,Java,0.0,0.0,0.0,0.0,0.0,0.0,0.0,0.0,0.0,0.0
417,bingoogolapple/BGABanner-Android,Java,0.0,0.0,0.0,0.0,0.0,0.0,0.0,0.0,0.0,0.0
418,eirslett/frontend-maven-plugin,Java,0.0,0.0,0.0,0.0,0.0,0.0,0.0,0.0,0.0,0.0
419,baoyachi/StepView,Java,0.0,0.0,0.0,0.0,0.0,0.0,0.0,0.0,0.0,0.0
420,pedrovgs/AndroidWiFiADB,Java,0.0,0.0,0.0,0.0,0.0,0.0,0.0,0.0,0.0,0.0
421,AlmasB/FXGL,Java,0.0,0.0,0.0,0.0,0.0,0.0,0.0,0.0,0.0,0.0
422,will-che/flink-recommandSystem-demo,Java,0.0,0.0,0.0,0.0,0.0,0.0,0.0,0.0,0.0,0.0
423,diffplug/spotless,Java,0.0,0.0,0.0,0.0,0.0,0.0,0.0,0.0,0.0,0.0
424,powermock/powermock,Java,0.0,0.0,0.0,0.0,0.0,0.0,0.0,0.0,0.0,0.0
425,apache/maven,Java,0.0,0.0,0.0,0.0,0.0,0.0,0.0,0.0,0.0,0.0
426,discord-jda/JDA,Java,0.0,0.0,0.0,0.0,0.0,0.0,0.0,0.0,0.0,0.0
427,alibaba/Tangram-Android,Java,0.0,0.0,0.0,0.0,0.0,0.0,0.0,0.0,0.0,0.0
428,dragonwell-project/dragonwell8,Java,0.0,0.0,0.0,0.0,0.0,0.0,0.0,0.0,0.0,0.0
429,failsafe-lib/failsafe,Java,0.0,0.0,0.0,0.0,0.0,0.0,0.0,0.0,0.0,0.0
430,novicezk/midjourney-proxy,Java,0.0,0.0,0.0,0.0,0.0,0.0,0.0,0.0,0.0,0.0
431,ddd-by-examples/library,Java,0.0,0.0,0.0,0.0,0.0,0.0,0.0,0.0,0.0,0.0
432,dromara/hmily,Java,0.0,0.0,0.0,0.0,0.0,0.0,0.0,0.0,0.0,0.0
433,ant-media/Ant-Media-Server,Java,0.0,0.0,0.0,0.0,0.0,0.0,0.0,0.0,0.0,0.0
434,Manabu-GT/ExpandableTextView,Java,0.0,0.0,0.0,0.0,0.0,0.0,0.0,0.0,0.0,0.0
435,rubensousa/ViewPagerCards,Java,0.0,0.0,0.0,0.0,0.0,0.0,0.0,0.0,0.0,0.0
436,jitsi/jitsi,Java,0.0,0.0,0.0,0.0,0.0,0.0,0.0,0.0,0.0,0.0
437,luckybilly/CC,Java,0.0,0.0,0.0,0.0,0.0,0.0,0.0,0.0,0.0,0.0
438,h2database/h2database,Java,0.0,0.0,0.0,0.0,0.0,0.0,0.0,0.0,0.0,0.0
439,code4craft/tiny-spring,Java,0.0,0.0,0.0,0.0,0.0,0.0,0.0,0.0,0.0,0.0
440,makovkastar/FloatingActionButton,Java,0.0,0.0,0.0,0.0,0.0,0.0,0.0,0.0,0.0,0.0
441,BoltsFramework/Bolts-Android,Java,0.0,0.0,0.0,0.0,0.0,0.0,0.0,0.0,0.0,0.0
442,jboss-javassist/javassist,Java,0.0,0.0,0.0,0.0,0.0,0.0,0.0,0.0,0.0,0.0
443,jacoco/jacoco,Java,0.0,0.0,0.0,0.0,0.0,0.0,0.0,0.0,0.0,0.0
444,microsoft/malmo,Java,0.0,0.0,0.0,0.0,0.0,0.0,0.0,0.0,0.0,0.0
445,oldmanpushcart/greys-anatomy,Java,0.0,0.0,0.0,0.0,0.0,0.0,0.0,0.0,0.0,0.0
446,lcodecorex/TwinklingRefreshLayout,Java,0.0,0.0,0.0,0.0,0.0,0.0,0.0,0.0,0.0,0.0
447,qstumn/BadgeView,Java,0.0,0.0,0.0,0.0,0.0,0.0,0.0,0.0,0.0,0.0
448,rememberber/WePush,Java,0.0,0.0,0.0,0.0,0.0,0.0,0.0,0.0,0.0,0.0
449,Piasy/BigImageViewer,Java,0.0,0.0,0.0,0.0,0.0,0.0,0.0,0.0,0.0,0.0
450,qunarcorp/bistoury,Java,0.0,0.0,0.0,0.0,0.0,0.0,0.0,0.0,0.0,0.0
451,orhanobut/hawk,Java,0.0,0.0,0.0,0.0,0.0,0.0,0.0,0.0,0.0,0.0
452,CeuiLiSA/Pixiv-Shaft,Java,0.0,0.0,0.0,0.0,0.0,0.0,0.0,0.0,0.0,0.0
453,pqpo/SmartCropper,Java,0.0,0.0,0.0,0.0,0.0,0.0,0.0,0.0,0.0,0.0
454,camunda/camunda-bpm-platform,Java,0.0,0.0,0.0,0.0,0.0,0.0,0.0,0.0,0.0,0.0
455,rengwuxian/RxJavaSamples,Java,0.0,0.0,0.0,0.0,0.0,0.0,0.0,0.0,0.0,0.0
456,crate/crate,Java,0.0,0.0,0.0,0.0,0.0,0.0,0.0,0.0,0.0,0.0
457,pytorch/serve,Java,0.0,0.0,0.0,0.0,0.0,0.0,0.0,0.0,0.0,0.0
458,JoanZapata/android-iconify,Java,0.0,0.0,0.0,0.0,0.0,0.0,0.0,0.0,0.0,0.0
459,binIoter/GuideView,Java,0.0,0.0,0.0,0.0,0.0,0.0,0.0,0.0,0.0,0.0
460,alibaba/jstorm,Java,0.0,0.0,0.0,0.0,0.0,0.0,0.0,0.0,0.0,0.0
461,javastacks/spring-boot-best-practice,Java,0.0,0.0,0.0,0.0,0.0,0.0,0.0,0.0,0.0,0.0
462,mercyblitz/tech-weekly,Java,0.0,0.0,0.0,0.0,0.0,0.0,0.0,0.0,0.0,0.0
463,zendesk/maxwell,Java,0.0,0.0,0.0,0.0,0.0,0.0,0.0,0.0,0.0,0.0
464,nextcloud/android,Java,0.0,0.0,0.0,0.0,0.0,0.0,0.0,0.0,0.0,0.0
465,hneemann/Digital,Java,0.0,0.0,0.0,0.0,0.0,0.0,0.0,0.0,0.0,0.0
466,bluelinelabs/Conductor,Java,0.0,0.0,0.0,0.0,0.0,0.0,0.0,0.0,0.0,0.0
467,NotFound9/interviewGuide,Java,0.0,0.0,0.0,0.0,0.0,0.0,0.0,0.0,0.0,0.0
468,zzhoujay/RichText,Java,0.0,0.0,0.0,0.0,0.0,0.0,0.0,0.0,0.0,0.0
469,DTStack/chunjun,Java,0.0,0.0,0.0,0.0,0.0,0.0,0.0,0.0,0.0,0.0
470,Sayi/poi-tl,Java,0.0,0.0,0.0,0.0,0.0,0.0,0.0,0.0,0.0,0.0
471,Docile-Alligator/Infinity-For-Reddit,Java,0.0,0.0,0.0,0.0,0.0,0.0,0.0,0.0,0.0,0.0
472,databricks/learning-spark,Java,0.0,0.0,0.0,0.0,0.0,0.0,0.0,0.0,0.0,0.0
473,exadel-inc/CompreFace,Java,0.0,0.0,0.0,0.0,0.0,0.0,0.0,0.0,0.0,0.0
474,angryip/ipscan,Java,0.0,0.0,0.0,0.0,0.0,0.0,0.0,0.0,0.0,0.0
475,aurelhubert/ahbottomnavigation,Java,0.0,0.0,0.0,0.0,0.0,0.0,0.0,0.0,0.0,0.0
476,rovo89/XposedInstaller,Java,0.0,0.0,0.0,0.0,0.0,0.0,0.0,0.0,0.0,0.0
477,MiguelCatalan/MaterialSearchView,Java,0.0,0.0,0.0,0.0,0.0,0.0,0.0,0.0,0.0,0.0
478,linyiqun/DataMiningAlgorithm,Java,0.0,0.0,0.0,0.0,0.0,0.0,0.0,0.0,0.0,0.0
479,deepjavalibrary/djl,Java,0.0,0.0,0.0,0.0,0.0,0.0,0.0,0.0,0.0,0.0
480,amirzaidi/Launcher3,Java,0.0,0.0,0.0,0.0,0.0,0.0,0.0,0.0,0.0,0.0
481,lzyzsd/CircleProgress,Java,0.0,0.0,0.0,0.0,0.0,0.0,0.0,0.0,0.0,0.0
482,sofastack/sofa-rpc,Java,0.0,0.0,0.0,0.0,0.0,0.0,0.0,0.0,0.0,0.0
483,Exrick/xboot,Java,0.0,0.0,0.0,0.0,0.0,0.0,0.0,0.0,0.0,0.0
484,roboguice/roboguice,Java,0.0,0.0,0.0,0.0,0.0,0.0,0.0,0.0,0.0,0.0
485,lygttpod/SuperTextView,Java,0.0,0.0,0.0,0.0,0.0,0.0,0.0,0.0,0.0,0.0
486,JeremyLiao/LiveEventBus,Java,0.0,0.0,0.0,0.0,0.0,0.0,0.0,0.0,0.0,0.0
487,sunfusheng/MarqueeView,Java,0.0,0.0,0.0,0.0,0.0,0.0,0.0,0.0,0.0,0.0
488,knowm/XChange,Java,0.0,0.0,0.0,0.0,0.0,0.0,0.0,0.0,0.0,0.0
489,stylefeng/Guns,Java,0.0,0.0,0.0,0.0,0.0,0.0,0.0,0.0,0.0,0.0
490,andOTP/andOTP,Java,0.0,0.0,0.0,0.0,0.0,0.0,0.0,0.0,0.0,0.0
491,timehop/sticky-headers-recyclerview,Java,0.0,0.0,0.0,0.0,0.0,0.0,0.0,0.0,0.0,0.0
492,jetty/jetty.project,Java,0.0,0.0,0.0,0.0,0.0,0.0,0.0,0.0,0.0,0.0
493,s4kibs4mi/java-developer-roadmap,Java,0.0,0.0,0.0,0.0,0.0,0.0,0.0,0.0,0.0,0.0
494,willowtreeapps/spruce-android,Java,0.0,0.0,0.0,0.0,0.0,0.0,0.0,0.0,0.0,0.0
495,wendux/DSBridge-Android,Java,0.0,0.0,0.0,0.0,0.0,0.0,0.0,0.0,0.0,0.0
496,allure-framework/allure2,Java,0.0,0.0,0.0,0.0,0.0,0.0,0.0,0.0,0.0,0.0
497,yanzhenjie/NoHttp,Java,0.0,0.0,0.0,0.0,0.0,0.0,0.0,0.0,0.0,0.0
498,ryanhoo/StylishMusicPlayer,Java,0.0,0.0,0.0,0.0,0.0,0.0,0.0,0.0,0.0,0.0
499,oddfar/campus-imaotai,Java,0.0,0.0,0.0,0.0,0.0,0.0,0.0,0.0,0.0,0.0
